<?xml version="1.0" encoding="UTF-8"?>
<project-private xmlns="http://www.netbeans.org/ns/project-private/1">
    <editor-bookmarks xmlns="http://www.netbeans.org/ns/editor-bookmarks/2" lastBookmarkId="0"/>
    <open-files xmlns="http://www.netbeans.org/ns/projectui-open-files/2">
        <group>
            <file>file:/C:/Users/gspal/OneDrive/Documentos/NetBeansProjects/Ordenacao_Metodos/src/interface_arquivo/LeitorArquivo.java</file>
            <file>file:/C:/Users/gspal/OneDrive/Documentos/NetBeansProjects/Ordenacao_Metodos/src/interface_arquivo/InterfaceResultados.java</file>
            <file>file:/C:/Users/gspal/OneDrive/Documentos/NetBeansProjects/Ordenacao_Metodos/src/interface_arquivo/EscritorArquivo.java</file>
            <file>file:/C:/Users/gspal/OneDrive/Documentos/NetBeansProjects/Ordenacao_Metodos/src/interface_arquivo/SeletorArquivo.java</file>
            <file>file:/C:/Users/gspal/OneDrive/Documentos/NetBeansProjects/Ordenacao_Metodos/src/metodos_ordenacao/Ordenacao.java</file>
            <file>file:/C:/Users/gspal/OneDrive/Documentos/NetBeansProjects/Ordenacao_Metodos/src/interface_arquivo/DadosTabela.java</file>
            <file>file:/C:/Users/gspal/OneDrive/Documentos/NetBeansProjects/Ordenacao_Metodos/src/interface_arquivo/InterfaceOrdenacao.java</file>
        </group>
    </open-files>
</project-private>
